date_time,東ｷｬﾝﾊﾟｽ受電電力量,西ｷｬﾝﾊﾟｽ受電電力量,中地区方面電力量,西地区方面電力量,北地区方面電力量,6号館方面電力量 ,16号館方面電力量,2号館電力量 ,1号館電力量 ,5号館電力量 ,3･7･8号館電力量 ,19･20号館電力量 ,10号館電力量,ｷｬﾝﾊﾟｽﾌﾟﾗｻﾞ･15号館電力量,33号館電力量,17･11号館電力量 ,30･31号館電力量 ,32号館電力量,第一学生ﾎｰﾙ･9号館電力量 ,図書館電力量,図書館新館電力量,21号館電力量,22号館(東)電力量,24号館(総合情報ｾﾝﾀｰ)電力量,23号館(ﾘｻｰﾁｾﾝﾀｰ)電力量,ﾒﾓﾘｱﾙﾎｰﾙ電力量,体育･文化ｾﾝﾀｰ電力量 ,5号館屋外電力量 ,図書館(空調)電力量,22号館(西)電力量,25号館方面電力量,ｸﾞﾗｳﾝﾄﾞ方面電力量 ,70号館方面電力量,50号館方面電力量,50･51号館電力量 ,53号館(地上)電力量,52号館電力量,ﾌﾛﾝﾃｨｱ研究棟電力量,高電圧実験室電力量,体育館電力量,ｸﾞﾗｳﾝﾄﾞ電力量 ,29号館(ｸﾗﾌﾞ･ｻｰｸﾙﾌﾟﾗｻﾞ)電力量,ﾃﾆｽｺｰﾄ電力量,53号館(屋上)電力量,超伝導実験棟電力量,72号館電力量,体育館(空調)電力量,55号館電力量,70･71号館電力量 ,武道体育館電力量,25号館電力量,14号館方面電力量,その他電力量,不言実行館電力量,外気温度,外気湿度
2018-04-01 00:00:00,696,268,221,133,172,10,59,24,4,29,68,34,7,15,50,36,60,24,11,4,7,13,2,28,10,3,30,34,3,1,20,32,11,156,81,50,3,NA,1,0,0,3,0,5,0,0,0,17,12,2,21,24,29,8,26.3,140
2018-04-01 01:00:00,701,268,229,133,171,10,59,24,4,29,73,37,8,17,52,36,60,24,11,5,7,13,3,29,10,4,31,36,3,1,22,34,11,154,80,51,3,NA,1,0,0,4,0,5,0,1,0,17,13,2,22,24,32,8,24.700000000000003,144
2018-04-01 02:00:00,698,266,228,133,173,9,59,23,4,33,72,36,8,15,53,37,60,23,12,4,7,13,3,29,9,4,31,35,3,2,20,32,10,153,80,48,3,NA,1,0,0,4,0,6,0,1,0,17,12,3,21,26,29,8,24,141
2018-04-01 03:00:00,730,263,239,151,169,9,59,37,4,29,72,35,7,15,51,35,59,23,11,5,8,13,3,29,11,4,48,35,3,1,20,33,12,154,83,47,3,NA,1,0,0,4,0,5,0,1,0,17,13,2,19,24,30,10,23.5,133
2018-04-01 04:00:00,718,264,234,152,171,10,58,29,4,29,74,37,8,14,51,35,61,23,11,5,7,13,3,29,10,3,51,35,3,2,19,31,11,153,81,45,3,NA,2,0,0,3,0,6,0,1,0,18,13,3,20,23,29,8,22.8,130
2018-04-01 05:00:00,686,261,233,123,173,10,59,24,5,29,72,42,8,15,52,37,61,23,12,4,8,13,2,29,10,4,20,36,4,1,20,33,11,150,81,46,2,NA,1,0,0,4,0,5,0,0,0,17,12,2,21,24,31,8,22.1,136
2018-04-01 06:00:00,679,279,245,98,174,9,60,28,6,35,75,36,7,18,52,35,61,25,11,5,8,14,3,29,11,5,0,37,3,2,19,33,11,164,96,45,3,NA,1,0,0,4,0,6,0,1,0,17,13,4,20,23,29,7,21.8,138
2018-04-01 07:00:00,665,303,256,81,174,8,59,50,6,30,71,34,9,18,54,32,63,25,12,4,8,13,3,29,11,4,0,34,3,1,18,44,24,165,94,49,3,NA,1,0,0,3,0,5,0,1,0,14,26,5,17,19,38,5,24.6,127
2018-04-01 08:00:00,612,308,231,51,175,6,61,27,7,30,65,35,9,20,55,28,67,25,12,5,7,14,3,29,9,4,0,37,3,2,16,58,19,167,94,46,3,NA,2,0,0,4,0,12,0,1,0,13,21,11,18,17,47,1,28.8,109
2018-04-01 09:00:00,578,307,229,32,173,6,62,25,6,29,62,40,9,18,55,26,67,25,11,5,7,11,3,30,12,3,0,35,4,1,14,54,24,175,94,56,3,NA,1,0,0,4,0,13,0,1,0,10,24,16,14,12,36,0,31.9,104
2018-04-01 10:00:00,576,313,241,19,166,5,63,41,7,29,61,38,10,17,54,23,66,22,12,5,8,11,3,29,10,3,0,37,3,1,15,59,21,173,91,57,3,NA,1,1,0,5,0,13,0,1,0,9,23,13,16,10,43,0,34.6,99
2018-04-01 11:00:00,560,312,237,15,167,5,61,30,7,30,59,43,10,19,56,21,67,20,11,4,8,11,3,29,10,4,0,36,4,2,17,54,16,181,95,62,3,NA,1,1,0,5,0,11,0,1,0,9,18,12,16,8,38,0,37.3,91
2018-04-01 12:00:00,566,318,230,17,170,6,62,25,6,29,58,41,10,19,57,22,70,23,12,5,7,11,3,30,9,3,0,33,4,1,9,58,15,186,98,64,4,NA,2,0,0,5,0,11,0,1,0,10,16,12,11,10,43,0,42.400000000000006,79
2018-04-01 13:00:00,581,317,232,25,171,7,62,25,6,29,61,45,9,19,56,23,69,22,11,5,8,12,3,30,10,3,0,36,3,2,14,60,15,181,92,63,4,NA,1,0,0,6,0,11,0,1,0,9,16,5,14,11,51,0,44.900000000000006,74
2018-04-01 14:00:00,641,320,253,47,176,8,67,39,6,30,65,43,10,20,58,25,70,22,12,4,7,12,3,30,11,3,0,37,3,1,15,60,13,188,96,64,3,NA,1,1,0,5,0,12,0,0,0,12,15,3,16,16,53,1,44.5,73
2018-04-01 15:00:00,657,324,253,67,178,10,64,33,6,29,71,36,9,26,57,29,70,23,12,5,8,14,3,29,10,4,0,35,3,2,22,57,15,189,95,66,4,NA,1,1,0,6,0,11,0,1,0,14,15,3,23,19,49,3,43.8,75
2018-04-01 16:00:00,679,324,248,86,179,10,61,25,6,28,75,41,10,24,54,33,67,23,11,4,8,16,3,30,10,3,0,37,4,1,19,54,14,189,95,64,4,NA,1,0,0,6,1,11,0,1,0,15,15,5,19,21,47,8,42.900000000000006,79
2018-04-01 17:00:00,701,331,248,105,183,11,61,24,8,27,76,43,8,23,56,36,69,22,13,5,7,17,3,29,10,3,0,35,3,2,23,54,14,194,95,66,3,NA,2,0,0,6,0,11,0,1,0,16,16,13,24,24,37,10,40.1,99
2018-04-01 18:00:00,737,424,255,120,182,13,64,32,9,29,76,38,11,22,54,37,67,23,11,5,8,19,3,29,14,6,0,34,3,2,30,136,13,182,91,66,3,NA,1,1,0,10,3,7,0,1,0,17,14,11,30,25,112,9,36.400000000000006,114
2018-04-01 19:00:00,734,403,256,127,183,11,63,35,9,28,76,34,12,20,56,37,66,23,12,6,8,18,3,29,14,8,1,34,3,3,30,134,13,180,89,64,3,NA,1,2,0,10,5,7,0,2,0,17,14,10,31,25,106,8,34.6,127
2018-04-01 20:00:00,720,336,242,124,181,12,62,25,10,28,76,36,11,21,54,36,67,24,12,6,8,20,3,29,13,8,1,34,4,2,30,70,12,175,89,62,3,NA,1,3,0,9,1,5,0,1,0,17,14,13,30,25,46,9,33.1,135
2018-04-01 21:00:00,740,317,239,149,179,11,60,24,9,28,76,32,12,16,52,36,66,25,12,6,8,17,3,29,14,8,27,37,3,2,28,56,12,168,87,58,4,NA,2,4,0,8,0,5,0,0,0,17,14,5,29,25,40,10,32.6,138
2018-04-01 22:00:00,717,290,234,139,176,11,59,31,7,29,74,32,9,16,52,36,64,24,11,4,8,16,3,29,12,4,30,36,3,2,22,40,12,164,82,57,2,NA,1,5,0,4,0,5,0,1,0,17,13,5,23,25,28,8,31.8,139
2018-04-01 23:00:00,713,288,241,136,175,11,57,38,4,29,74,31,9,15,52,36,62,25,12,5,8,15,3,28,11,4,30,36,4,2,22,41,11,163,84,55,3,NA,1,2,0,4,0,4,0,0,0,17,13,3,22,25,32,8,30.5,142
2018-04-02 00:00:00,691,267,222,132,174,9,55,23,4,29,73,30,7,15,51,35,61,25,11,4,6,13,2,29,10,3,30,37,2,1,20,31,10,158,81,53,2,NA,1,3,0,3,0,4,0,0,0,16,12,2,21,25,25,7,29.7,145
2018-04-02 01:00:00,698,276,224,133,174,10,56,23,4,32,73,32,8,16,51,36,61,26,12,5,8,13,3,29,10,4,29,33,2,2,21,40,12,157,80,53,3,NA,1,3,0,4,0,5,0,1,0,17,13,2,21,28,35,9,29,149
2018-04-02 02:00:00,699,266,226,133,175,9,57,26,4,27,73,34,8,15,52,36,61,25,11,5,7,12,3,29,10,4,31,37,3,1,20,31,12,158,81,55,3,NA,1,3,0,4,0,4,0,0,0,17,14,3,20,27,24,9,28.5,151
2018-04-02 03:00:00,708,275,239,132,173,10,56,38,4,30,74,32,7,15,50,35,61,27,12,4,7,13,3,29,10,3,30,34,4,2,20,34,11,161,84,53,3,NA,2,2,0,4,0,5,0,1,0,16,12,2,21,26,30,8,27.3,152
2018-04-02 04:00:00,693,271,221,134,176,10,56,23,4,29,73,33,8,14,52,37,61,24,11,5,8,13,3,30,11,4,31,35,3,1,20,31,11,164,87,55,3,NA,1,2,0,3,0,4,0,1,0,17,14,3,20,26,26,7,27.5,145
2018-04-02 05:00:00,679,287,236,107,177,9,57,25,5,28,73,39,8,18,51,36,62,27,11,4,8,13,3,29,10,3,4,37,3,2,20,35,11,175,99,52,3,NA,1,1,0,4,0,5,0,1,0,17,12,2,21,25,31,9,27.6,140
2018-04-02 06:00:00,694,287,251,100,173,9,57,41,6,30,75,36,8,18,52,34,62,25,12,5,8,13,3,29,11,3,0,34,3,1,21,30,13,176,99,51,3,NA,1,2,0,4,0,4,0,0,0,18,15,3,22,26,25,10,26.3,151
2018-04-02 07:00:00,758,407,279,132,179,9,59,60,9,31,72,35,8,24,52,35,66,26,11,5,8,16,3,30,10,34,0,36,3,3,26,120,16,188,100,61,5,NA,2,2,0,3,0,6,0,3,80,17,15,2,26,24,34,10,28.8,142
2018-04-02 08:00:00,958,484,352,201,193,10,64,60,24,34,71,47,19,58,58,35,72,27,19,12,10,26,3,31,11,59,0,35,2,2,33,151,26,215,121,65,5,NA,1,30,0,6,0,9,0,3,84,16,26,6,33,24,28,18,32.6,123
2018-04-02 09:00:00,1255,575,468,378,218,12,72,91,32,40,85,76,22,83,62,36,88,31,28,50,24,35,3,33,16,72,0,36,19,3,53,143,33,285,183,64,5,NA,1,36,0,10,0,13,0,4,56,19,32,9,54,26,32,39,36.400000000000006,112
2018-04-02 10:00:00,1301,612,491,374,242,12,80,77,30,44,108,85,20,84,73,37,102,30,25,60,24,49,4,35,14,57,0,36,12,5,68,132,35,328,227,66,5,NA,1,35,0,13,0,11,0,4,32,18,33,15,67,34,41,37,39.6,101
2018-04-02 11:00:00,1339,635,515,361,261,12,81,77,32,46,110,96,23,89,83,36,109,32,25,71,24,49,3,34,15,63,0,36,8,3,91,116,37,354,246,71,7,NA,2,34,0,12,0,14,5,5,0,15,34,15,86,38,55,33,43.400000000000006,84
2018-04-02 12:00:00,1349,638,550,344,263,14,80,106,28,49,111,99,20,92,83,36,109,32,22,71,22,49,3,33,18,61,0,38,7,4,114,113,40,333,224,73,7,NA,1,34,0,12,0,8,6,6,0,17,37,15,109,35,55,34,49.3,67
2018-04-02 13:00:00,1334,633,544,329,260,15,87,87,31,54,117,102,22,88,84,38,102,33,22,72,25,49,3,35,18,38,0,37,5,3,107,112,42,329,212,77,7,NA,2,35,0,12,0,12,6,7,0,19,36,15,100,38,51,36,50.400000000000006,67
2018-04-02 14:00:00,1330,647,525,321,262,17,91,83,31,53,115,95,21,85,82,39,106,33,18,71,23,42,3,33,16,35,0,36,7,4,106,123,46,322,197,81,6,NA,1,35,0,13,1,11,7,13,0,25,35,19,99,41,58,46,50.8,62
2018-04-02 15:00:00,1378,607,554,337,270,17,93,90,31,55,124,97,20,90,81,47,104,36,16,71,22,32,3,33,16,40,0,38,6,2,82,116,51,319,183,78,9,NA,2,28,0,12,0,13,5,16,0,34,37,18,76,48,60,52,49.900000000000006,64
2018-04-02 16:00:00,1300,581,536,300,256,17,94,66,33,53,136,99,20,87,70,49,100,36,15,58,21,29,4,34,19,13,4,37,6,4,96,108,35,308,184,76,10,NA,1,24,0,11,1,11,6,3,0,25,33,18,92,52,56,49,48.1,71
2018-04-02 17:00:00,1152,526,496,217,245,17,88,64,30,47,127,84,18,81,70,46,93,34,12,21,8,27,3,33,25,3,11,37,3,3,67,107,31,284,173,73,6,NA,1,25,0,11,0,8,4,4,0,22,30,23,62,47,51,37,45.6,75
2018-04-02 18:00:00,1071,566,440,194,230,17,90,74,26,45,115,59,20,60,65,47,86,34,12,22,7,25,3,30,15,6,13,39,3,3,52,185,27,246,141,71,5,NA,2,29,0,13,4,8,0,3,0,20,27,21,52,41,118,28,43.1,84
2018-04-02 19:00:00,967,530,357,185,227,16,86,53,25,42,87,50,19,39,62,48,81,33,12,16,7,27,3,29,15,8,14,36,4,3,44,195,25,225,123,70,6,NA,1,29,0,11,4,8,0,2,0,20,25,13,45,35,138,24,41.400000000000006,90
2018-04-02 20:00:00,876,481,314,153,221,15,80,45,19,37,83,46,18,27,59,47,81,33,13,6,7,25,3,30,15,7,2,35,2,3,34,180,20,200,106,65,4,NA,1,27,0,13,4,6,0,1,0,19,22,6,34,31,130,21,38.900000000000006,100
2018-04-02 21:00:00,830,419,277,163,208,15,71,38,14,34,80,38,13,18,56,42,74,34,12,6,7,21,4,29,15,8,24,37,3,3,30,136,17,193,103,64,4,NA,1,13,0,9,0,5,0,2,0,18,18,5,31,27,111,17,37.400000000000006,108
2018-04-02 22:00:00,768,311,260,147,192,14,67,47,8,30,73,38,9,15,54,36,70,31,12,5,7,18,3,29,14,4,27,35,3,2,26,52,13,176,88,61,4,NA,1,1,0,5,0,5,0,1,0,18,14,3,27,27,45,11,35.2,114
2018-04-02 23:00:00,730,297,237,139,192,12,58,29,6,32,70,37,9,17,53,36,68,31,11,4,7,18,2,29,11,4,28,35,3,2,25,37,13,173,87,61,3,NA,1,1,0,3,0,5,0,1,0,18,14,3,25,25,31,11,34.3,118
2018-04-03 00:00:00,712,287,234,134,182,11,57,28,4,29,73,34,7,17,53,35,64,28,12,4,6,14,2,28,10,3,28,36,3,1,23,38,11,168,83,60,2,NA,0,0,0,3,0,5,0,0,0,17,13,2,24,23,36,9,32.8,123
2018-04-03 01:00:00,713,277,236,133,180,11,57,28,4,27,78,35,8,16,51,36,65,28,12,5,6,15,3,29,9,4,29,35,3,2,22,30,12,167,81,61,3,NA,1,0,0,4,0,4,0,1,0,18,14,2,22,24,27,8,31.700000000000003,126
2018-04-03 02:00:00,730,286,255,133,182,11,55,47,4,28,77,35,8,17,51,36,65,29,12,6,7,13,3,29,10,3,28,35,3,1,23,34,13,171,86,60,3,NA,1,0,0,4,0,6,0,1,0,18,13,3,23,24,32,7,30.3,132
2018-04-03 03:00:00,708,276,236,132,177,11,57,29,4,29,77,34,8,16,50,36,63,27,11,5,7,14,3,28,9,4,29,37,3,2,22,30,11,165,84,56,3,NA,1,0,0,4,0,4,0,0,0,17,14,2,23,23,27,9,29.8,133
2018-04-03 04:00:00,710,284,236,133,180,10,56,29,5,28,77,34,7,17,52,36,62,28,12,6,6,14,3,28,10,3,28,34,3,1,22,34,12,170,90,57,3,NA,1,0,0,3,0,5,0,1,0,18,13,3,23,25,31,9,29,137
2018-04-03 05:00:00,689,287,246,108,179,11,56,29,4,30,77,40,8,18,52,36,64,27,12,6,6,13,2,30,10,4,3,36,3,2,24,33,12,172,89,58,3,NA,1,0,0,4,0,5,0,1,0,17,14,5,25,25,28,8,28.8,137
2018-04-03 06:00:00,706,295,264,98,178,11,57,44,6,30,79,38,8,22,52,35,63,27,11,6,7,13,3,28,9,3,0,35,3,2,27,38,12,171,91,56,3,NA,1,0,0,4,0,5,0,1,0,18,13,6,27,23,31,9,29,139
2018-04-03 07:00:00,703,320,287,84,180,9,56,64,7,30,78,36,9,22,54,32,67,27,13,6,6,14,3,29,8,3,0,35,2,2,45,30,15,179,93,60,4,NA,1,1,0,3,0,6,0,2,0,17,15,4,46,20,26,7,31.6,134
2018-04-03 08:00:00,893,398,351,148,191,10,61,57,19,34,79,49,13,60,55,33,75,26,17,14,8,21,4,31,11,24,0,36,3,2,51,45,27,216,124,66,3,NA,1,5,0,6,0,8,0,4,0,15,26,6,51,22,31,16,35.6,122
2018-04-03 09:00:00,1226,560,463,361,210,10,74,84,31,41,92,75,20,79,60,38,84,28,23,58,23,36,22,35,15,41,2,35,15,3,80,86,41,305,197,71,5,NA,1,16,0,10,0,9,0,6,0,22,38,16,80,32,45,47,37.900000000000006,115
2018-04-03 10:00:00,1272,621,487,371,231,12,78,89,34,41,91,82,19,85,68,38,92,31,24,74,24,35,24,37,15,41,0,37,7,3,77,111,43,338,213,69,5,NA,1,29,0,11,0,15,0,5,0,34,40,28,77,35,46,48,41.8,97
2018-04-03 11:00:00,1296,653,498,353,242,13,83,86,32,48,95,84,23,85,71,37,99,34,24,74,23,36,26,39,16,42,0,37,7,4,88,118,41,357,226,74,5,NA,1,28,0,11,0,14,0,4,0,34,40,28,87,37,53,46,45.2,86
2018-04-03 12:00:00,1318,649,529,361,243,13,80,104,33,47,98,85,22,96,68,38,101,34,22,65,23,40,38,41,15,48,0,38,6,3,104,117,47,345,221,78,6,NA,1,27,0,12,0,10,0,7,0,30,41,28,104,34,53,38,50.400000000000006,69
2018-04-03 13:00:00,1408,645,542,409,249,14,90,81,34,51,120,91,28,92,71,37,104,36,20,74,24,42,42,47,16,73,0,39,6,4,97,107,46,351,231,78,6,NA,2,28,0,11,0,13,0,6,0,20,42,28,98,41,42,37,52.1,65
2018-04-03 14:00:00,1419,574,556,392,256,15,91,94,32,52,135,78,27,94,73,38,107,36,19,70,23,41,42,44,15,71,0,39,6,3,83,97,44,316,195,78,6,NA,1,28,0,11,0,14,1,6,0,21,40,20,82,46,40,38,52.1,64
2018-04-03 15:00:00,1385,546,547,372,259,17,91,84,33,57,140,77,26,88,77,43,101,36,16,64,24,31,38,45,16,46,3,38,7,4,80,95,43,282,162,78,6,NA,2,27,0,11,0,11,0,6,0,23,39,19,79,47,41,44,51.1,63
2018-04-03 16:00:00,1339,527,518,360,260,17,91,68,32,53,138,74,24,83,73,47,103,36,15,49,22,27,31,40,18,39,17,39,5,4,78,89,38,280,160,81,7,NA,1,25,0,11,0,10,0,5,0,22,35,10,78,48,46,48,50.1,62
2018-04-03 17:00:00,1171,488,494,223,256,17,92,65,28,46,130,75,20,86,71,47,101,36,14,15,8,24,6,30,14,3,29,38,4,3,58,97,34,258,145,77,6,NA,1,21,0,10,0,9,1,4,0,21,32,7,59,44,62,39,48.3,72
2018-04-03 18:00:00,1104,491,453,199,250,17,88,69,27,40,123,62,21,68,70,48,93,37,12,12,8,24,5,30,14,6,28,36,3,2,54,109,32,246,142,72,5,NA,1,22,0,12,0,7,0,4,0,18,31,3,54,43,73,28,45.6,89
2018-04-03 19:00:00,958,464,355,178,233,15,82,45,23,38,99,48,20,40,66,47,84,35,13,11,7,24,4,30,14,8,15,35,3,3,53,117,25,225,122,72,5,NA,1,27,0,12,0,8,0,3,0,18,25,3,53,39,76,22,42.6,102
2018-04-03 20:00:00,885,422,324,154,220,15,79,39,18,37,95,41,16,39,61,46,78,33,12,7,7,22,3,29,13,7,5,36,3,2,48,108,21,195,102,66,4,NA,1,24,0,12,0,6,0,2,0,17,22,2,49,33,71,20,39.7,112
2018-04-03 21:00:00,850,356,294,169,204,13,70,44,16,34,91,35,12,22,57,42,72,33,13,7,7,20,3,29,13,8,28,35,3,3,37,69,18,185,94,64,5,NA,1,15,0,11,0,5,0,1,0,17,18,3,37,30,42,17,38.6,116
2018-04-03 22:00:00,763,304,260,146,192,13,68,41,10,29,82,32,9,16,56,36,64,33,11,6,7,16,3,28,10,3,27,36,4,2,25,40,13,175,87,64,3,NA,1,1,0,4,0,5,0,1,0,16,15,3,26,27,32,14,37.3,123
2018-04-03 23:00:00,725,296,237,140,183,13,58,30,6,29,78,29,9,18,53,36,64,30,12,7,7,17,3,29,9,4,28,34,3,2,25,39,12,171,85,61,4,NA,1,0,0,4,0,5,0,1,0,17,14,2,25,26,35,11,35.400000000000006,132
2018-04-04 00:00:00,705,280,228,135,179,11,55,28,4,28,73,31,7,16,52,35,62,27,12,6,6,14,2,29,8,3,27,36,2,1,22,30,12,169,85,59,NA,NA,0,0,0,3,0,5,0,0,0,16,14,2,22,26,27,10,33.6,138
2018-04-04 01:00:00,701,287,227,134,179,11,56,30,5,30,68,30,8,17,52,35,63,29,12,6,6,14,3,28,8,3,28,35,3,2,22,39,13,165,83,60,NA,NA,1,0,0,4,0,5,0,1,0,16,14,2,23,27,37,10,31.5,143
2018-04-04 02:00:00,708,285,234,134,177,10,56,43,5,28,67,29,8,17,51,35,61,28,12,6,7,13,3,28,9,4,28,34,3,1,22,37,12,166,85,59,NA,NA,1,0,0,4,0,5,0,1,0,16,14,2,23,26,35,10,30.8,145
2018-04-04 03:00:00,691,282,220,132,177,11,56,27,4,28,67,28,8,18,52,35,61,29,12,6,6,14,3,29,8,3,29,36,2,2,22,30,13,170,87,59,NA,NA,1,0,0,4,0,5,0,0,0,17,15,3,22,26,27,9,29.9,147
2018-04-04 04:00:00,691,284,219,131,176,11,56,26,4,29,67,30,7,18,51,36,61,28,12,6,6,13,3,28,9,4,28,34,3,1,21,34,12,169,87,58,NA,NA,1,0,0,4,0,5,0,1,0,16,13,3,22,25,31,8,29.6,143
2018-04-04 05:00:00,670,286,227,105,178,11,55,27,5,28,69,34,8,17,52,35,62,27,11,6,7,13,3,29,10,3,4,37,3,2,23,30,12,176,93,60,NA,NA,1,0,0,4,0,5,0,1,0,16,14,2,23,26,27,9,28.4,145
2018-04-04 06:00:00,689,296,246,98,177,10,56,40,6,29,68,33,8,23,52,33,64,28,12,6,6,14,3,29,8,3,0,36,3,2,22,34,12,175,97,56,NA,NA,1,0,0,4,0,5,0,1,0,16,13,3,23,25,30,10,29.1,142
2018-04-04 07:00:00,693,322,272,85,180,10,56,63,7,30,69,34,8,23,55,31,67,27,12,7,6,14,3,30,9,3,0,33,3,1,38,33,16,182,94,63,NA,NA,1,0,0,3,0,6,0,3,0,16,16,6,38,24,28,6,32.3,134
2018-04-04 08:00:00,879,394,344,142,191,8,63,60,16,32,71,47,16,61,55,32,75,28,18,30,17,19,3,31,9,3,0,36,3,3,48,45,22,222,130,65,NA,NA,1,5,0,4,0,9,0,2,0,15,22,8,48,25,31,16,36.1,110
2018-04-04 09:00:00,1133,496,461,251,214,11,73,89,29,44,80,78,19,81,62,36,86,29,23,53,22,33,4,37,12,17,0,34,12,3,53,71,31,275,168,70,NA,NA,1,11,0,6,0,13,0,4,0,17,30,18,54,28,39,43,39.6,101
2018-04-04 10:00:00,1216,530,494,298,231,11,83,78,31,53,87,95,18,85,68,35,94,32,21,63,22,38,6,38,13,46,0,36,6,4,63,81,31,302,192,72,NA,NA,2,15,0,6,0,13,0,3,0,17,30,20,63,33,41,41,42.900000000000006,94
2018-04-04 11:00:00,1241,594,507,291,242,13,82,78,33,56,91,97,22,86,70,35,105,30,21,64,23,40,8,39,15,37,0,36,6,3,68,98,35,347,227,77,NA,NA,3,14,0,6,0,14,0,2,0,20,35,23,67,40,56,39,46.2,87
2018-04-04 12:00:00,1308,601,558,312,237,15,84,101,25,59,116,103,19,91,68,38,100,30,20,61,22,39,3,37,14,57,0,39,6,4,76,107,34,342,229,76,NA,NA,4,15,0,6,0,9,1,4,0,19,32,26,75,43,60,42,50.6,72
2018-04-04 13:00:00,1390,606,555,356,248,16,91,82,32,63,122,107,22,88,71,40,108,28,21,72,25,47,4,39,16,56,1,35,5,4,83,108,37,342,227,80,NA,NA,4,19,0,8,0,12,6,4,0,19,35,20,78,45,59,41,51.8,72
2018-04-04 14:00:00,1433,571,577,389,258,17,89,83,31,62,135,111,23,87,70,45,113,30,18,73,22,40,5,36,16,57,13,37,6,4,79,107,34,317,198,-899925,7,NA,3,22,0,11,1,11,6,4,0,25,33,16,73,51,59,49,49.6,76
2018-04-04 15:00:00,1396,524,543,404,241,14,88,80,25,59,129,94,21,92,68,44,102,28,20,73,26,28,3,39,12,74,21,38,5,3,66,107,31,277,167,78,4,NA,1,21,0,12,1,10,5,5,0,16,29,16,60,44,61,54,49.900000000000006,72
2018-04-04 16:00:00,1344,517,505,394,240,14,87,65,27,51,129,86,21,84,68,45,99,28,17,61,19,25,3,37,14,82,31,35,4,3,63,111,29,267,155,79,5,NA,2,26,0,10,0,10,5,4,0,19,28,16,57,48,57,48,48.3,75
2018-04-04 17:00:00,1176,470,447,302,231,16,86,61,28,39,123,59,19,76,64,45,95,28,19,22,8,21,3,31,12,42,42,37,3,3,54,99,30,244,138,73,4,NA,1,28,0,10,2,9,5,4,0,19,27,6,51,44,57,41,45.400000000000006,84
2018-04-04 18:00:00,1160,546,449,273,236,17,84,70,26,37,128,59,20,66,65,47,97,28,19,28,8,24,4,30,15,6,42,38,9,3,52,172,29,240,137,71,5,NA,1,26,0,12,5,8,0,5,0,20,27,2,53,41,127,29,42.2,99
2018-04-04 19:00:00,988,532,341,232,234,16,80,46,21,36,89,53,16,40,63,49,93,28,17,29,8,23,3,30,15,8,19,35,9,4,45,191,25,221,120,68,5,NA,2,28,8,12,5,7,0,2,0,19,26,3,45,37,135,23,38.3,115
2018-04-04 20:00:00,881,459,293,181,217,14,78,44,15,33,79,44,13,29,58,46,85,28,12,22,8,22,3,30,14,7,5,35,10,4,37,168,20,196,107,63,4,NA,1,23,32,10,4,6,0,1,0,18,21,2,37,34,98,20,34.900000000000006,128
2018-04-04 21:00:00,831,350,273,167,202,14,71,41,12,31,79,39,12,17,55,41,78,26,12,7,6,21,3,29,13,8,26,37,3,2,33,64,14,189,100,62,3,NA,1,16,2,7,0,5,0,1,0,17,16,3,33,32,37,17,33.400000000000006,118
2018-04-04 22:00:00,751,309,251,147,188,13,66,45,7,28,72,37,9,16,52,36,74,24,12,7,8,19,3,28,10,4,28,35,3,2,25,46,13,176,89,62,3,NA,1,6,1,5,0,5,0,1,0,19,15,3,26,29,33,12,29.9,123
2018-04-04 23:00:00,717,301,229,139,183,12,60,32,5,26,70,31,9,17,52,36,70,25,12,5,7,17,4,29,9,3,28,36,3,2,25,46,15,165,87,55,3,NA,1,3,0,4,0,5,0,2,0,16,14,2,25,25,38,11,28.3,125
2018-04-05 00:00:00,703,278,225,133,179,10,59,30,4,25,72,31,7,16,50,35,69,24,11,5,5,13,3,30,8,3,27,34,2,1,26,34,13,156,82,49,3,NA,0,0,0,4,0,4,0,1,0,16,14,2,26,24,32,8,26.8,126
2018-04-05 01:00:00,713,276,237,132,176,10,57,35,4,27,77,31,8,17,50,34,67,24,12,6,6,14,3,28,9,3,29,36,3,2,26,31,12,158,82,54,3,NA,1,0,0,3,0,6,0,1,0,17,13,2,27,26,28,9,25.8,125
2018-04-05 02:00:00,712,271,242,131,177,10,58,43,4,25,76,34,7,16,50,35,66,25,12,6,6,12,3,29,9,4,28,37,2,1,25,33,12,153,81,48,3,NA,1,0,0,4,0,5,0,1,0,16,14,2,25,24,30,8,24.700000000000003,127
2018-04-05 03:00:00,706,270,230,133,180,10,58,30,4,25,76,32,8,15,52,37,65,26,12,6,7,13,3,29,9,4,29,35,3,2,20,30,13,158,82,51,3,NA,1,0,0,4,0,6,0,1,0,17,14,3,21,25,27,7,24,128
2018-04-05 04:00:00,706,269,232,130,178,10,58,30,5,26,77,33,8,17,50,35,66,26,11,6,6,13,3,29,10,3,28,35,3,2,20,34,13,156,85,48,2,NA,1,0,0,4,0,5,0,1,0,17,14,2,20,24,32,8,23,131
2018-04-05 05:00:00,691,276,237,105,182,10,57,32,4,26,76,41,7,18,51,35,69,27,12,6,6,13,3,28,10,4,3,36,3,2,20,30,12,165,93,49,3,NA,1,0,0,4,0,6,0,1,0,16,14,2,21,23,28,9,21.5,137
2018-04-05 06:00:00,708,286,270,94,181,10,59,53,7,27,78,37,8,21,52,35,68,25,11,6,6,12,3,29,9,3,0,35,3,1,20,39,12,166,98,44,4,NA,1,0,0,3,0,6,0,1,0,16,13,2,21,22,37,9,21.3,132
2018-04-05 07:00:00,737,302,282,109,182,9,58,51,7,30,79,43,9,24,54,31,71,25,15,6,6,13,3,29,10,27,0,35,3,3,27,36,16,174,99,51,3,NA,1,0,0,4,0,6,0,4,0,15,15,2,27,19,33,5,23.3,119
2018-04-05 08:00:00,945,403,376,162,197,8,65,66,14,44,77,52,19,65,58,35,79,24,22,13,8,18,9,31,11,44,0,36,3,4,40,37,46,206,126,48,6,NA,1,0,0,6,0,15,0,6,0,14,43,6,40,20,28,14,25.9,106
2018-04-05 09:00:00,1337,566,563,340,233,13,82,110,28,59,100,95,47,80,63,40,106,25,24,53,24,30,25,38,16,43,0,38,10,7,72,62,56,305,200,50,6,NA,1,12,0,6,0,18,0,12,0,29,46,5,72,30,41,49,29.4,89
2018-04-05 10:00:00,1414,634,569,375,256,13,87,87,29,66,113,96,51,82,71,36,117,29,24,64,23,46,27,41,15,44,0,37,7,9,107,67,60,343,226,51,5,NA,1,16,0,8,0,18,1,14,0,41,48,7,106,33,39,41,32.3,80
2018-04-05 11:00:00,1502,684,646,385,271,15,86,114,27,72,137,97,72,86,76,37,122,33,26,66,21,47,24,39,15,43,0,37,8,11,126,75,63,384,257,58,7,NA,1,23,0,7,0,19,1,19,0,41,46,7,125,36,40,35,36.6,60
2018-04-05 12:00:00,1498,679,648,390,255,16,87,101,22,70,142,105,67,89,81,37,107,28,24,61,24,48,26,39,14,42,0,41,5,11,127,73,57,366,239,64,6,NA,2,27,0,8,0,16,1,16,0,39,44,4,125,34,38,37,41.8,54
2018-04-05 13:00:00,1629,694,664,470,285,19,86,101,26,73,150,116,58,93,82,45,125,31,24,67,26,56,52,37,14,43,0,40,4,11,134,81,58,378,252,67,7,NA,1,26,0,8,1,15,2,16,0,34,43,3,132,43,45,48,39.900000000000006,89
2018-04-05 14:00:00,1673,678,676,481,294,18,88,119,25,76,151,113,55,91,82,49,131,30,19,73,25,60,30,36,16,43,11,38,5,13,130,82,63,357,223,72,9,NA,1,26,0,8,0,12,2,20,0,38,45,3,129,51,49,49,37.8,110
2018-04-05 15:00:00,1687,660,680,499,299,22,91,96,27,76,165,105,67,94,80,55,129,33,17,73,26,55,27,37,20,42,33,39,6,9,132,87,69,335,211,66,9,NA,1,25,0,9,0,11,3,27,0,36,44,7,129,56,48,56,35.900000000000006,120
2018-04-05 16:00:00,1577,658,657,425,276,20,94,102,28,73,160,105,60,84,77,53,116,28,14,62,24,47,19,36,16,13,37,40,5,7,131,113,62,304,189,67,9,NA,1,27,0,13,0,11,3,25,0,26,38,21,127,51,54,56,35.1,128
2018-04-05 17:00:00,1397,708,586,370,255,20,93,81,26,62,158,82,48,83,71,50,104,29,12,55,23,39,9,36,12,3,41,36,4,7,101,245,55,267,160,67,8,NA,1,29,30,12,3,9,2,9,0,23,48,34,99,43,135,59,34.8,131
2018-04-05 18:00:00,1289,684,474,354,247,19,90,67,23,46,126,61,42,65,68,52,97,29,13,56,23,40,6,34,14,6,39,39,3,6,79,262,49,244,140,66,9,NA,1,28,33,11,5,9,2,6,0,21,47,34,79,42,154,42,34.2,134
2018-04-05 19:00:00,1149,623,423,307,228,18,87,73,21,42,107,55,34,51,62,48,89,28,12,56,21,36,3,33,14,8,39,38,6,3,55,263,34,230,129,65,8,NA,1,29,32,10,4,9,0,4,0,19,33,34,54,34,154,31,33.900000000000006,142
2018-04-05 20:00:00,977,573,340,249,210,16,78,54,16,37,90,48,24,28,59,43,83,25,13,55,20,32,3,30,14,8,18,38,6,3,41,255,30,209,118,62,6,NA,1,27,32,10,3,6,0,3,0,16,29,36,41,31,148,27,32.900000000000006,151
2018-04-05 21:00:00,845,376,289,188,199,14,67,38,14,36,87,41,13,18,53,42,76,26,12,22,9,20,3,30,12,8,32,38,4,3,31,99,22,190,102,61,7,NA,1,11,3,9,0,5,0,3,0,17,22,9,32,27,70,20,29.9,183
2018-04-05 22:00:00,751,310,252,144,184,13,62,33,7,33,79,33,10,16,53,36,71,24,12,6,8,17,3,29,9,4,29,37,2,2,23,48,12,176,88,61,6,NA,1,1,0,4,0,5,0,1,0,16,14,3,23,26,41,11,29.1,192
2018-04-05 23:00:00,754,306,262,143,181,12,58,50,5,30,76,34,9,17,51,34,71,23,11,6,8,16,3,30,9,3,30,37,2,2,22,48,11,173,88,60,4,NA,1,1,0,5,0,5,0,0,0,16,13,3,22,25,42,13,29.2,191
2018-04-06 00:00:00,712,291,243,133,177,10,56,35,4,28,76,33,7,17,51,34,66,23,11,6,6,14,2,29,8,3,28,39,2,1,20,41,11,169,84,59,4,NA,0,0,0,4,0,5,0,0,0,16,13,2,21,24,38,7,29.700000000000003,194
2018-04-06 01:00:00,713,289,238,137,174,10,57,32,4,28,77,32,8,17,52,34,65,23,12,6,6,14,3,31,10,4,31,38,3,2,21,42,12,169,85,59,5,NA,1,0,0,4,0,4,0,1,0,16,13,3,21,25,40,9,29.1,194
2018-04-06 02:00:00,708,290,236,135,173,11,56,31,4,27,76,33,8,17,50,34,65,23,12,6,6,14,3,31,9,4,29,38,3,1,21,41,11,169,86,59,4,NA,1,0,0,5,0,5,0,1,0,16,13,2,21,23,38,7,29.5,191
2018-04-06 03:00:00,715,291,247,137,172,9,56,38,4,27,78,33,7,16,50,35,65,22,12,6,7,13,3,32,10,3,30,40,3,2,21,42,12,170,85,60,4,NA,1,0,0,4,0,6,0,0,0,17,14,3,21,22,39,9,29.9,188
2018-04-06 04:00:00,713,288,252,132,174,10,56,45,5,28,76,32,8,18,51,33,65,24,12,7,6,13,3,30,8,4,28,37,3,2,21,41,11,168,83,60,4,NA,1,0,0,4,0,5,0,1,0,16,13,3,22,23,39,8,30.6,182
2018-04-06 05:00:00,679,302,241,104,174,9,55,31,4,27,76,39,8,18,50,34,65,23,11,6,5,14,3,31,9,3,4,39,2,1,21,43,11,177,94,59,3,NA,1,0,0,5,0,5,0,1,0,16,13,4,21,22,38,8,30.9,178
2018-04-06 06:00:00,711,305,270,100,174,10,54,46,6,28,78,41,8,21,52,33,64,23,12,6,7,13,3,30,9,3,0,38,3,2,24,40,12,181,96,59,5,NA,1,0,0,4,0,5,0,1,0,17,13,5,24,23,33,9,31.4,175
2018-04-06 07:00:00,789,326,307,134,182,11,54,73,8,29,79,45,9,24,56,33,68,25,13,6,6,16,3,30,9,21,0,38,3,2,31,36,16,196,105,65,4,NA,1,0,0,4,0,5,0,3,0,17,16,4,31,23,33,12,32.8,175
2018-04-06 08:00:00,984,406,375,207,195,11,65,66,13,35,85,53,19,61,57,36,76,25,21,19,13,21,4,33,10,43,0,39,2,3,40,39,28,232,131,71,6,NA,1,0,0,4,0,8,0,3,0,17,27,2,41,25,35,22,35.8,166
2018-04-06 09:00:00,1349,574,523,373,227,16,83,86,22,45,113,84,46,83,61,42,98,25,27,52,32,40,25,35,15,44,0,39,3,2,67,56,51,344,215,74,6,NA,1,14,0,6,0,15,0,11,0,36,43,4,66,32,37,49,38.1,144
2018-04-06 10:00:00,1476,657,563,432,258,17,86,100,27,45,128,83,52,85,67,47,115,28,27,60,30,51,36,35,15,44,0,39,4,5,96,63,60,379,241,74,8,NA,1,21,0,6,0,11,3,15,0,41,47,3,93,42,35,49,37.900000000000006,143
2018-04-06 11:00:00,1579,700,598,473,284,20,88,89,30,56,127,99,64,89,74,54,124,30,26,67,31,55,34,35,16,43,1,41,5,6,118,72,60,413,269,72,7,NA,0,22,0,8,0,16,3,19,0,47,44,4,116,50,40,55,37.8,135
2018-04-06 12:00:00,1623,715,641,493,278,19,90,102,28,61,124,113,66,99,73,55,117,31,27,69,33,56,37,34,16,42,0,40,3,8,123,75,60,414,274,72,9,NA,2,23,0,12,0,10,3,19,0,47,44,4,119,54,40,58,36.8,144
2018-04-06 13:00:00,1613,682,610,483,289,21,92,83,35,67,124,110,57,90,73,52,127,35,25,70,32,54,21,35,15,43,9,38,3,8,128,80,62,373,233,69,9,NA,2,24,0,12,0,15,3,15,0,47,49,5,125,53,41,54,36.2,158
2018-04-06 14:00:00,1622,655,617,488,291,22,90,101,34,67,124,105,54,86,74,53,123,37,18,71,32,53,18,34,16,43,30,38,3,7,117,84,58,356,215,73,9,NA,3,23,0,11,0,13,3,12,0,44,48,3,114,54,47,57,35.5,175
2018-04-06 15:00:00,1589,636,595,473,293,22,95,83,33,70,126,100,49,89,73,53,125,41,17,70,28,47,18,36,14,43,35,40,3,10,109,91,53,336,197,73,7,NA,1,25,0,13,0,11,3,13,0,46,43,7,107,59,48,56,33.900000000000006,198
2018-04-06 16:00:00,1505,620,566,441,282,21,97,73,32,65,129,102,38,83,70,51,121,38,14,56,31,40,15,36,15,41,39,39,5,11,101,99,55,316,185,73,7,NA,2,27,0,13,0,11,2,12,0,37,46,9,98,54,52,55,33.900000000000006,198
2018-04-06 17:00:00,1339,637,525,351,261,19,96,81,27,54,124,75,36,85,67,51,105,36,13,57,27,39,6,35,12,3,42,38,3,6,84,192,42,279,158,75,7,NA,2,28,12,13,0,11,1,8,0,29,36,35,83,43,105,51,34.6,196
2018-04-06 18:00:00,1221,628,448,330,242,19,91,56,21,47,123,58,32,70,67,48,91,35,12,55,30,31,3,35,13,6,45,38,3,3,62,222,38,258,149,73,5,NA,2,29,31,12,0,9,0,7,0,23,34,36,63,38,113,41,35.2,193
2018-04-06 19:00:00,1092,582,386,292,232,17,79,50,20,42,102,59,28,43,65,48,85,33,13,58,25,29,3,33,14,8,43,36,5,3,54,227,31,220,115,72,7,NA,1,28,32,12,0,8,0,4,0,17,30,37,54,36,120,30,35.400000000000006,191
2018-04-06 20:00:00,989,536,348,253,216,14,72,57,17,39,94,50,21,30,63,45,77,30,11,55,19,26,3,31,14,7,33,37,3,2,50,215,23,203,107,69,6,NA,1,26,32,9,0,6,0,4,0,17,23,32,50,34,117,29,32.8,198
2018-04-06 21:00:00,845,394,281,184,202,13,68,37,13,36,89,39,14,19,60,42,72,29,13,24,12,19,3,31,12,8,29,33,2,3,44,100,15,192,101,64,6,NA,1,14,3,8,0,5,0,1,0,17,15,8,46,31,68,16,28.3,198
2018-04-06 22:00:00,756,329,262,139,185,12,62,31,8,35,86,35,10,17,54,36,66,29,11,8,7,15,3,30,10,4,30,35,3,1,31,57,11,182,95,62,5,NA,1,1,0,5,0,6,0,1,0,17,13,8,30,29,46,8,26.8,198
2018-04-06 23:00:00,737,308,250,136,181,12,59,29,6,35,82,36,9,16,53,35,65,28,12,7,6,15,2,31,8,4,30,35,2,2,25,52,11,167,88,54,5,NA,1,0,0,4,0,5,0,1,0,16,13,6,26,28,42,7,25,198
2018-04-07 00:00:00,732,289,252,131,176,10,59,36,4,34,81,34,8,15,52,35,63,24,11,7,7,13,2,30,8,3,29,34,2,1,22,43,10,165,85,54,4,NA,0,0,0,3,0,5,0,0,0,16,12,3,22,25,40,4,24.6,198
2018-04-07 01:00:00,715,285,250,130,174,11,59,42,4,32,75,35,9,17,50,35,61,25,11,7,6,12,3,31,9,4,29,36,3,2,21,43,11,163,87,52,5,NA,1,0,0,4,0,5,0,1,0,17,12,3,22,25,40,5,23.3,193
2018-04-07 02:00:00,698,281,233,127,173,10,59,28,4,32,75,34,8,16,51,36,64,23,12,8,6,13,3,30,9,3,28,34,2,2,21,41,11,160,83,52,4,NA,1,0,0,4,0,5,0,1,0,16,13,3,22,23,39,5,21.6,182
2018-04-07 03:00:00,699,285,235,129,171,11,57,30,4,31,74,35,8,16,50,36,62,24,11,7,6,13,3,30,9,4,29,34,3,1,21,42,12,159,86,48,5,NA,1,0,0,3,0,6,0,1,0,16,13,3,22,23,39,4,21.5,163
2018-04-07 04:00:00,698,286,237,129,169,10,55,30,4,33,75,33,9,17,50,36,60,22,11,7,7,15,3,29,8,3,28,36,3,2,22,41,12,164,90,50,4,NA,1,0,0,4,0,5,0,1,0,17,13,3,21,22,39,4,22.4,145
2018-04-07 05:00:00,691,281,259,102,171,11,56,47,5,32,75,36,9,18,51,36,61,23,12,7,5,14,3,30,10,4,4,34,2,1,21,41,10,162,86,49,5,NA,1,0,0,4,0,6,0,1,0,16,13,3,22,23,38,4,21.8,146
2018-04-07 06:00:00,679,280,257,94,171,10,56,34,6,32,76,41,8,21,51,35,61,23,12,8,6,13,2,30,9,3,0,36,3,2,21,42,11,155,84,47,4,NA,1,0,0,3,0,6,0,1,0,16,12,3,21,22,40,6,21.4,146
2018-04-07 07:00:00,668,299,250,84,174,9,57,37,5,35,73,33,9,20,53,33,66,22,15,7,7,14,4,30,10,4,0,35,3,2,26,40,15,169,93,53,5,NA,1,1,0,4,0,7,0,4,0,14,13,3,27,18,36,3,24,132
2018-04-07 08:00:00,873,355,328,172,179,9,59,61,12,35,74,36,15,57,53,34,70,23,14,29,16,18,4,31,9,3,14,34,3,2,29,45,29,191,109,50,5,NA,1,10,0,3,0,13,0,5,0,15,27,5,29,21,29,16,24.9,126
2018-04-07 09:00:00,1018,417,377,269,184,13,71,48,19,40,86,58,21,67,52,34,75,22,15,44,29,25,3,33,10,4,30,36,4,3,37,72,53,209,127,48,5,NA,2,26,0,4,0,13,0,18,0,17,39,13,38,26,31,42,23.6,135
2018-04-07 10:00:00,1080,429,403,305,194,13,73,65,19,40,97,57,19,65,53,35,78,27,14,45,29,37,3,37,11,5,28,35,3,5,37,85,47,210,126,49,6,NA,4,27,0,4,0,13,0,13,0,17,37,14,37,25,42,52,23.700000000000003,129
2018-04-07 11:00:00,1094,433,418,311,194,12,74,69,19,41,96,67,21,68,55,34,77,28,16,45,30,36,3,36,10,5,24,35,3,3,35,97,44,213,133,46,6,NA,3,27,0,4,0,14,0,11,0,16,35,17,36,25,50,55,23.8,125
2018-04-07 12:00:00,1042,420,391,286,195,10,71,49,17,41,90,67,18,67,57,33,77,27,18,44,30,31,3,33,10,5,21,35,2,2,37,97,41,195,114,45,7,NA,4,28,0,4,1,14,0,11,0,15,34,22,38,22,41,50,23.4,112
2018-04-07 13:00:00,960,416,393,213,195,8,71,71,17,47,69,64,17,68,55,34,75,29,17,43,29,25,4,32,10,5,0,35,3,2,29,109,41,190,113,46,5,NA,3,29,0,5,0,15,0,11,0,13,32,29,29,17,49,29,24.1,98
2018-04-07 14:00:00,926,412,346,214,196,9,72,40,14,42,79,59,17,56,57,37,73,29,15,45,30,22,4,33,11,5,0,37,3,2,28,101,37,193,115,43,5,NA,1,31,0,5,0,15,0,9,0,14,31,19,29,22,50,30,23.4,86
2018-04-07 15:00:00,888,401,310,194,194,10,73,42,13,44,73,45,16,37,56,36,75,27,12,46,28,15,4,31,11,5,9,35,4,2,30,99,33,191,116,44,5,NA,0,29,0,3,0,15,0,7,0,14,30,23,30,24,47,28,24.1,78
2018-04-07 16:00:00,888,404,313,205,197,11,71,48,11,41,77,42,17,35,55,40,75,27,13,42,25,17,3,31,12,5,20,37,2,2,32,98,32,193,111,46,5,NA,1,30,0,4,0,16,0,6,0,15,29,25,33,27,43,27,23.4,90
2018-04-07 17:00:00,850,414,304,179,189,12,70,33,12,41,76,56,17,31,54,39,68,28,11,17,9,19,2,29,13,5,34,35,2,2,32,117,34,183,103,46,4,NA,1,29,15,6,0,15,0,6,0,18,30,20,32,30,48,21,21.200000000000003,99
2018-04-07 18:00:00,835,460,309,149,187,14,73,37,12,41,74,55,20,29,53,39,67,28,12,8,6,20,3,31,13,8,14,35,3,2,37,157,31,181,99,50,5,NA,1,30,31,9,4,9,0,8,0,17,26,16,38,30,66,18,19.5,109
2018-04-07 19:00:00,840,462,314,153,186,14,71,53,14,38,72,49,17,29,53,39,65,29,12,9,7,19,3,31,13,10,12,36,2,2,37,170,25,175,96,49,5,NA,1,32,32,10,4,9,0,4,0,18,23,19,38,30,75,17,18.8,125
2018-04-07 20:00:00,763,399,271,138,184,13,65,34,14,34,73,41,15,23,53,37,66,27,13,8,6,19,3,28,15,10,6,36,2,1,32,126,21,169,94,49,4,NA,1,24,1,10,3,7,0,3,0,17,21,10,32,26,78,12,17.3,132
2018-04-07 21:00:00,761,344,258,152,179,13,61,30,13,38,71,36,13,18,52,38,61,29,11,9,8,18,3,29,14,7,27,36,3,2,30,77,19,166,90,49,4,NA,1,14,0,9,0,6,0,3,0,18,19,4,31,24,52,11,15.2,134
2018-04-07 22:00:00,730,290,241,140,180,12,59,31,9,36,70,33,11,14,53,37,60,28,12,7,6,17,3,29,11,5,31,34,2,1,23,42,13,160,86,48,4,NA,1,1,0,5,0,7,0,2,0,18,13,3,23,25,35,8,15.2,134
2018-04-07 23:00:00,736,285,250,139,178,12,60,43,6,36,69,33,10,16,52,38,60,28,11,7,7,16,3,28,10,4,31,35,3,2,24,43,11,155,84,45,4,NA,1,4,1,4,0,7,0,1,0,16,13,3,24,24,34,8,14.600000000000001,140
2018-04-08 00:00:00,713,270,238,136,173,10,58,33,4,35,68,33,8,14,51,37,58,25,11,7,5,14,2,29,9,3,31,35,2,1,21,35,10,154,84,44,4,NA,1,3,0,4,0,6,0,0,0,17,12,3,21,24,28,9,14.2,141
2018-04-08 01:00:00,706,270,232,134,175,10,57,28,5,33,74,30,10,15,52,38,59,27,12,7,6,14,3,28,10,4,30,36,3,2,22,37,11,150,81,45,3,NA,1,4,0,5,0,6,0,1,0,17,12,3,23,24,29,7,15.100000000000001,118
2018-04-08 02:00:00,708,267,239,134,174,10,57,28,4,34,73,35,10,16,51,38,58,26,11,7,7,12,3,29,10,4,31,34,3,1,21,34,11,150,82,43,4,NA,1,3,0,4,0,7,0,1,0,17,12,3,21,23,28,8,13.9,123
2018-04-08 03:00:00,720,269,236,147,172,10,56,31,5,34,72,33,11,14,51,36,60,25,11,7,6,13,3,28,11,4,47,36,2,2,20,36,10,154,85,45,4,NA,1,4,0,4,0,6,0,1,0,16,12,3,21,23,29,7,12.9,126
2018-04-08 04:00:00,739,268,250,153,174,10,55,43,5,32,73,31,11,14,51,37,59,26,12,8,6,13,2,28,8,4,52,37,3,1,21,34,11,153,86,44,3,NA,1,4,0,4,0,7,0,1,0,17,12,2,22,23,28,9,12.5,142
2018-04-08 05:00:00,698,270,242,126,175,10,55,28,5,38,74,35,9,14,52,37,59,26,12,7,7,13,3,29,11,3,20,35,3,2,21,37,11,151,84,44,4,NA,1,3,0,4,0,6,0,1,0,17,12,3,20,23,30,8,10.4,154
2018-04-08 06:00:00,677,286,246,96,177,10,56,32,6,32,74,35,11,18,52,37,59,27,11,7,7,12,3,29,9,3,0,36,2,1,20,48,15,155,84,46,4,NA,1,3,0,4,0,7,0,5,0,16,13,3,21,21,41,7,12.4,137
2018-04-08 07:00:00,694,294,268,95,177,10,56,50,7,38,72,34,11,18,53,36,62,26,12,7,6,15,3,28,8,5,0,35,4,2,21,52,15,155,86,45,4,NA,1,0,0,4,0,7,0,5,0,17,13,3,22,22,48,7,12.100000000000001,130
2018-04-08 08:00:00,595,298,238,45,171,6,56,36,7,34,65,29,11,19,53,26,65,27,11,7,7,13,3,29,9,5,0,35,3,1,17,58,16,157,82,46,4,NA,1,3,0,4,0,14,0,6,0,12,13,16,17,12,41,0,14.2,114
2018-04-08 09:00:00,614,318,237,55,173,7,57,30,7,33,65,34,11,18,54,28,64,26,13,8,7,12,3,28,8,5,0,35,3,2,19,70,17,163,87,46,3,NA,1,9,0,4,0,16,0,5,0,13,14,16,20,13,44,2,16.4,95
2018-04-08 10:00:00,591,315,239,25,170,5,59,30,8,37,63,33,12,18,54,22,67,27,11,7,6,11,3,29,9,5,0,37,2,1,21,64,17,163,87,48,4,NA,1,10,0,3,0,15,0,5,0,9,14,12,21,9,42,0,19.4,83
2018-04-08 11:00:00,585,305,253,19,172,6,61,48,8,34,62,35,11,16,55,23,67,27,11,7,6,10,3,27,10,5,0,35,3,2,24,66,17,154,84,45,4,NA,1,9,0,4,0,16,0,6,0,10,14,13,25,8,44,0,19.4,93
2018-04-08 12:00:00,581,302,240,26,174,5,65,30,7,34,64,37,11,18,56,22,68,28,12,7,6,9,3,30,9,5,0,37,3,1,19,59,17,155,83,44,4,NA,1,10,0,5,0,15,0,5,0,9,14,13,20,7,34,0,22.8,78
2018-04-08 13:00:00,593,296,241,21,177,6,66,31,7,35,63,36,14,18,57,23,68,27,12,7,7,10,2,28,10,5,0,34,2,3,24,54,16,155,82,43,3,NA,2,7,0,6,0,16,0,5,0,10,14,14,24,9,31,0,23.9,72
2018-04-08 14:00:00,650,295,239,56,175,8,66,33,7,34,65,36,10,17,55,26,67,27,12,12,5,13,6,28,9,5,0,37,2,2,26,41,16,162,87,45,4,NA,1,2,0,5,0,15,0,5,0,13,14,6,26,13,31,0,22.5,78
2018-04-08 15:00:00,646,307,268,56,175,8,65,45,6,36,65,34,12,30,55,25,68,26,12,16,7,11,3,29,13,5,0,36,3,2,31,47,16,166,91,44,5,NA,1,5,0,6,0,16,0,4,0,12,14,5,32,12,35,0,21.6,80
2018-04-08 16:00:00,693,316,243,84,186,11,62,29,6,33,73,35,10,20,55,34,66,29,11,7,6,15,2,28,13,5,0,35,3,1,33,45,18,175,94,45,5,NA,1,4,0,6,0,15,0,4,0,16,15,9,34,20,28,5,20.3,87
2018-04-08 17:00:00,716,324,251,106,187,12,63,29,7,37,74,37,11,17,55,34,65,31,12,7,6,16,3,28,13,5,0,36,3,2,32,55,16,177,95,45,4,NA,1,8,0,6,0,16,0,5,0,18,13,13,33,21,32,9,18.8,94
2018-04-08 18:00:00,756,357,264,123,191,12,64,35,9,32,78,40,15,17,55,38,65,32,12,8,7,18,3,29,13,8,0,35,3,1,36,73,16,174,93,51,4,NA,1,7,0,9,3,9,0,5,0,18,14,8,35,23,47,10,16.4,103
2018-04-08 19:00:00,756,379,278,122,186,11,63,47,11,36,76,38,13,19,54,38,64,27,12,8,6,18,3,29,13,9,0,35,2,2,36,95,16,174,95,50,3,NA,1,4,0,10,4,10,0,6,0,18,14,14,37,23,65,8,15.100000000000001,108
2018-04-08 20:00:00,734,352,257,123,183,12,62,30,10,35,76,36,11,18,54,38,66,27,11,9,7,18,3,29,12,10,0,36,3,1,31,88,16,166,90,48,4,NA,1,3,0,10,3,7,0,4,0,18,13,13,31,22,58,8,14.9,106
2018-04-08 21:00:00,754,322,251,147,184,11,61,30,10,37,75,33,12,16,53,39,63,28,12,8,6,16,3,30,14,8,27,37,3,2,30,62,12,162,90,46,4,NA,1,3,0,9,0,6,0,2,0,18,13,10,32,23,43,7,14.4,98
2018-04-08 22:00:00,720,291,237,138,182,11,57,34,7,33,70,33,10,14,52,38,62,27,12,7,7,15,3,28,11,5,30,35,3,2,27,41,11,156,83,46,4,NA,1,2,0,4,0,7,0,1,0,18,12,3,27,23,33,9,14.3,107
2018-04-08 23:00:00,727,286,251,136,181,11,56,43,6,40,71,32,9,13,54,39,61,28,11,8,6,14,2,29,10,4,31,35,2,1,24,44,10,158,84,49,4,NA,1,0,0,4,0,7,0,1,0,17,12,3,24,23,40,8,13.2,108
2018-04-09 00:00:00,700,273,230,130,177,10,54,27,4,37,70,32,8,14,51,38,61,27,11,7,6,12,2,28,10,3,29,36,2,1,20,39,10,156,84,45,3,NA,0,0,0,3,0,6,0,0,0,17,12,2,20,22,37,7,11.7,123
2018-04-09 01:00:00,699,271,230,131,174,9,55,27,4,35,70,33,7,15,51,37,59,26,12,7,6,12,3,28,8,4,30,35,3,2,20,32,11,157,87,46,4,NA,2,0,0,4,0,7,0,1,0,17,12,4,21,22,28,7,11.8,117
2018-04-09 02:00:00,701,277,233,131,179,10,53,27,5,37,71,34,8,14,52,38,61,27,11,7,6,12,3,29,10,5,30,36,2,1,21,40,10,154,83,45,4,NA,0,0,0,4,0,7,0,1,0,17,12,7,22,23,33,8,10.2,126
2018-04-09 03:00:00,722,277,247,136,178,11,54,45,4,36,71,33,8,15,51,38,60,29,13,7,6,12,3,28,10,3,30,35,3,2,21,36,11,159,87,48,3,NA,2,0,0,4,0,7,0,1,0,17,12,6,21,21,30,9,9.5,127
2018-04-09 04:00:00,703,278,237,133,180,11,54,30,5,37,71,34,8,13,52,38,62,28,11,7,7,12,2,29,12,5,29,37,4,1,21,36,11,162,90,47,4,NA,1,0,0,4,0,6,0,1,0,18,12,3,21,23,33,7,8.5,136
2018-04-09 05:00:00,687,285,239,107,182,10,54,28,5,37,71,37,8,15,52,38,62,29,12,8,8,12,3,28,11,3,4,35,2,1,21,31,10,171,96,49,4,NA,1,0,0,3,0,7,0,1,0,17,12,3,22,23,29,8,8,144
2018-04-09 06:00:00,688,297,251,100,177,10,53,35,6,36,73,41,8,17,52,36,61,27,12,7,8,12,3,29,13,3,0,35,3,2,24,35,11,175,99,48,4,NA,1,1,0,4,0,7,0,1,0,18,13,3,25,21,32,8,9.4,141
2018-04-09 07:00:00,737,328,299,97,185,9,54,61,9,45,72,41,10,24,55,37,66,26,14,6,6,13,3,29,10,6,0,35,3,3,39,37,16,183,105,51,6,NA,1,0,0,3,0,7,0,5,0,17,13,3,39,18,34,7,13,128
2018-04-09 08:00:00,936,444,400,128,199,10,66,62,25,52,73,62,28,57,58,40,75,27,19,15,9,24,6,31,11,5,0,34,3,3,54,40,43,242,158,45,6,NA,1,1,0,4,0,15,0,5,0,16,41,6,55,19,33,16,17.5,107
2018-04-09 09:00:00,1416,626,601,347,235,15,82,93,32,75,102,107,69,81,69,43,93,30,28,62,23,42,33,33,20,4,0,38,28,3,96,62,61,361,254,47,8,NA,1,7,0,7,0,20,0,10,0,31,54,5,96,35,46,41,21.6,83
2018-04-09 10:00:00,1534,672,655,386,263,16,86,85,35,92,135,109,74,82,72,46,108,35,30,62,24,55,37,36,15,6,0,35,16,5,125,67,57,363,244,45,7,NA,2,11,0,9,0,19,3,9,0,46,51,4,121,46,44,34,23.9,79
2018-04-09 11:00:00,1725,747,730,455,283,23,93,94,39,98,156,131,80,90,74,50,121,38,29,68,25,67,40,36,16,5,0,38,15,9,142,73,82,408,277,49,11,NA,1,12,0,11,0,22,5,19,1,48,65,4,137,63,46,49,24.9,85
2018-04-09 12:00:00,1678,707,764,432,277,20,90,111,36,100,161,144,74,91,73,48,116,39,29,71,24,65,37,35,12,5,0,35,23,8,140,74,74,381,261,50,11,NA,2,13,0,13,0,20,4,20,2,38,56,6,136,50,41,45,28.1,76
2018-04-09 13:00:00,1678,718,722,445,288,22,94,103,40,98,142,136,65,96,70,48,132,37,26,75,27,64,32,36,16,4,0,38,19,11,143,85,71,373,255,49,12,NA,2,19,0,17,0,18,5,23,1,39,49,7,138,49,41,46,29.8,78
2018-04-09 14:00:00,1692,681,726,444,292,22,96,103,36,101,158,132,66,86,69,49,134,38,22,68,24,63,36,35,19,6,0,36,15,13,137,83,74,346,228,48,12,NA,1,25,0,18,1,18,5,22,0,39,55,5,132,54,36,47,29.5,82
2018-04-09 15:00:00,1696,675,715,444,292,24,100,103,35,94,165,116,68,92,69,52,131,37,18,77,23,50,38,40,19,4,2,36,20,11,148,86,76,316,196,47,13,NA,2,26,0,16,0,17,4,23,0,41,54,5,145,59,41,50,28.6,86
2018-04-09 16:00:00,1594,680,670,417,284,23,100,82,33,93,151,110,66,90,67,53,126,36,14,71,23,45,34,42,18,6,4,38,10,10,158,99,69,315,191,49,13,NA,3,24,0,16,1,17,4,19,0,44,53,10,153,60,50,49,27.8,94
2018-04-09 17:00:00,1442,624,611,350,266,21,104,94,32,67,149,93,48,83,70,53,108,35,12,62,24,40,20,37,13,5,13,34,6,5,108,141,56,275,171,48,11,NA,2,30,0,13,3,16,3,13,0,29,46,38,105,49,58,49,26.6,102
2018-04-09 18:00:00,1361,682,540,344,262,23,97,75,33,62,148,81,38,61,71,53,101,34,11,60,23,39,10,33,12,8,45,36,7,4,72,253,53,257,161,52,13,NA,3,32,30,15,4,9,1,10,0,23,44,36,71,44,134,39,23.4,118
2018-04-09 19:00:00,1205,642,461,301,247,19,87,60,26,60,136,66,30,42,68,55,86,35,12,60,21,37,4,30,12,10,36,35,5,3,59,269,36,227,135,52,10,NA,2,30,36,14,4,9,0,6,0,20,34,35,59,41,148,32,21.5,130
2018-04-09 20:00:00,1049,553,386,244,230,18,77,56,18,48,111,57,24,29,64,51,81,36,12,58,21,27,4,28,12,10,14,34,6,2,47,238,31,203,121,47,10,NA,1,29,33,13,3,6,0,3,0,19,29,40,47,38,122,29,20.9,127
2018-04-09 21:00:00,893,384,314,193,208,16,74,54,12,48,83,42,14,18,58,46,70,35,12,21,12,20,3,29,12,8,32,37,4,4,40,94,15,188,109,49,7,NA,1,17,3,9,0,7,0,2,0,18,18,15,40,35,52,21,21.3,119
2018-04-09 22:00:00,768,327,261,138,189,14,66,35,7,36,77,44,10,15,51,40,67,30,11,5,7,16,3,28,8,4,31,36,3,2,27,58,13,178,101,47,7,NA,1,5,0,4,0,6,0,0,0,17,14,7,28,31,44,9,20.4,124
2018-04-09 23:00:00,744,315,255,134,186,13,60,35,5,36,77,39,9,16,50,40,64,32,11,4,7,15,2,28,9,4,31,36,3,2,28,55,13,169,95,48,7,NA,1,1,0,4,0,6,0,2,0,16,14,7,28,29,45,7,19.9,127
2018-04-10 00:00:00,741,294,255,131,178,11,58,38,4,32,78,41,7,15,50,36,61,28,11,4,6,13,2,27,8,3,30,35,3,1,25,45,12,163,91,45,6,NA,1,0,0,3,0,6,0,1,0,15,14,3,26,28,41,7,17.5,141
2018-04-10 01:00:00,739,294,264,131,179,12,59,41,5,36,79,40,8,16,50,38,60,31,12,5,6,13,3,28,9,4,31,34,2,2,26,42,13,162,93,44,6,NA,1,0,0,4,0,6,0,1,0,15,13,4,25,27,40,10,15.7,147
2018-04-10 02:00:00,730,287,248,133,177,11,59,28,4,32,79,41,8,16,51,36,61,29,11,5,7,13,3,28,9,4,32,36,3,1,24,38,12,165,96,43,6,NA,1,0,0,4,0,6,0,1,0,15,14,3,24,27,35,8,14.2,149
2018-04-10 03:00:00,732,286,251,133,178,11,58,30,5,36,79,41,8,15,50,38,60,29,11,5,7,13,3,30,8,4,32,34,4,2,23,32,13,165,94,45,6,NA,1,0,0,3,0,7,0,1,0,15,14,3,23,26,28,7,14.600000000000001,143
2018-04-10 04:00:00,737,287,254,130,180,11,59,32,5,33,79,42,8,17,51,37,61,29,12,5,7,14,2,28,8,4,31,37,3,2,23,37,13,167,96,46,5,NA,1,0,0,4,0,6,0,1,0,16,15,3,24,26,34,8,14.2,137
2018-04-10 05:00:00,727,290,281,105,181,12,59,47,5,36,79,50,8,18,51,37,62,30,11,4,6,13,3,29,8,4,5,36,3,1,22,32,12,171,102,43,4,NA,1,0,0,4,0,6,0,1,0,16,14,3,22,23,29,8,14,133
2018-04-10 06:00:00,703,301,267,94,176,11,59,37,7,30,80,46,8,21,50,34,63,28,11,5,6,14,3,28,9,4,0,36,2,2,28,37,12,175,105,44,5,NA,1,0,0,3,0,7,0,1,0,17,13,3,28,22,34,9,14.2,134
2018-04-10 07:00:00,739,343,303,86,177,9,59,51,7,42,81,50,9,23,52,33,63,29,15,4,6,15,3,29,8,4,0,38,3,3,47,39,18,182,107,49,6,NA,1,1,0,5,0,7,0,4,0,16,15,3,47,17,35,4,18.1,115
2018-04-10 08:00:00,968,448,444,123,197,9,65,97,17,42,84,73,34,58,55,37,74,30,22,15,12,21,7,31,9,4,0,34,3,3,58,66,37,224,142,47,7,NA,1,4,0,10,0,15,0,4,0,15,37,7,58,19,47,12,22.5,97
2018-04-10 09:00:00,1363,626,597,323,230,13,84,93,38,67,120,95,61,80,60,45,92,31,28,53,24,40,36,40,16,3,0,38,18,5,87,80,72,334,225,46,8,NA,1,17,0,13,0,18,0,10,0,36,64,4,87,28,48,34,26.4,76
2018-04-10 10:00:00,1500,657,649,384,247,12,95,109,34,76,123,105,72,86,67,43,102,35,29,70,23,52,39,42,19,4,0,35,15,4,110,86,59,356,243,48,9,NA,1,23,0,13,0,19,4,8,0,36,53,7,107,41,44,37,29.8,55
2018-04-10 11:00:00,1548,719,679,407,264,16,95,115,35,78,125,116,78,88,70,40,118,33,28,78,25,55,37,40,20,4,0,39,16,9,133,89,74,374,258,51,11,NA,2,24,0,13,0,19,5,14,0,33,62,14,128,35,41,35,33.4,38
2018-04-10 12:00:00,1502,717,659,397,255,16,90,92,30,76,124,116,77,96,70,41,107,35,30,75,23,57,31,41,13,3,0,37,12,9,150,79,68,366,253,51,13,NA,1,19,0,14,1,17,4,11,0,31,59,9,146,37,39,35,40.1,27
2018-04-10 13:00:00,1615,762,675,454,275,17,92,127,29,74,119,119,72,90,72,45,117,38,25,82,49,53,44,42,17,3,0,39,25,9,168,93,78,384,256,64,9,NA,6,19,0,18,0,21,3,20,0,32,60,9,164,38,42,39,42.6,27
2018-04-10 14:00:00,1601,720,660,453,278,17,93,105,27,81,125,124,71,85,72,47,121,36,20,92,45,48,48,42,14,4,0,37,22,8,141,86,73,381,253,56,10,NA,3,17,0,18,1,20,3,22,2,40,52,5,138,41,43,39,42.900000000000006,25
2018-04-10 15:00:00,1596,706,623,472,281,19,93,90,28,76,132,103,63,89,72,53,120,35,16,97,44,47,34,42,15,3,4,38,32,10,149,96,70,350,220,59,9,NA,2,23,0,15,1,19,2,23,1,39,50,4,147,44,53,42,40.400000000000006,29
2018-04-10 16:00:00,1553,708,622,448,272,19,93,110,29,75,123,101,51,89,71,59,108,32,14,85,44,44,35,40,16,3,18,37,22,8,147,112,67,340,213,60,8,NA,2,24,0,14,1,18,3,21,0,40,47,14,145,48,62,47,39.2,37
2018-04-10 17:00:00,1459,696,568,421,261,20,89,84,28,71,127,97,38,80,71,55,99,35,11,78,43,36,24,39,15,3,31,36,29,7,111,173,60,309,202,50,8,NA,2,25,0,12,1,15,1,14,1,30,49,36,110,47,99,44,36.400000000000006,63
2018-04-10 18:00:00,1366,711,501,416,248,19,88,65,26,55,126,78,38,68,66,55,94,32,12,78,41,30,15,39,12,5,40,36,37,5,88,269,48,260,167,51,8,NA,1,25,26,14,5,9,0,8,1,25,41,35,88,45,161,40,32.2,99
2018-04-10 19:00:00,1236,645,450,367,230,16,86,74,21,49,116,67,40,42,65,52,79,34,12,79,44,26,5,31,14,8,38,35,39,4,67,278,35,227,138,55,6,NA,1,26,32,10,4,9,0,7,1,18,31,37,67,44,167,30,29.8,121
2018-04-10 20:00:00,1073,564,374,297,219,16,80,46,17,42,97,60,32,39,60,48,76,33,12,76,40,27,4,28,15,8,7,36,33,2,41,256,25,199,118,51,6,NA,1,22,32,10,4,6,0,3,0,19,24,31,40,39,158,25,28.6,127
2018-04-10 21:00:00,861,441,303,183,200,16,73,38,13,43,88,45,18,19,55,43,71,32,12,18,13,26,4,29,12,8,29,36,3,3,37,164,15,185,108,49,6,NA,1,17,3,8,0,6,0,2,0,18,16,11,37,32,128,16,27.9,113
2018-04-10 22:00:00,771,380,269,141,189,13,67,40,8,35,81,39,9,16,53,39,65,29,11,5,9,19,3,29,9,4,29,36,2,2,28,131,13,162,91,43,4,NA,1,1,0,5,0,6,0,1,0,19,14,6,28,27,122,8,27.1,97
2018-04-10 23:00:00,748,323,264,132,185,13,61,48,5,34,80,34,9,16,52,39,65,29,11,4,7,17,3,29,8,4,30,36,3,2,27,78,13,157,86,44,4,NA,1,1,0,4,0,6,0,2,0,17,13,3,28,24,71,6,26.6,101
